group,phrase,count
adaptive traits,abiotic stress,111
adaptive traits,aboveground biomass,6
adaptive traits,adaptation,121
adaptive traits,alien species,7
adaptive traits,biodiversity,1
adaptive traits,biological invasions,14
adaptive traits,biomass production,10
adaptive traits,block design,6
adaptive traits,breeding programs,55
adaptive traits,candidate genes,31
adaptive traits,changing climate,58
adaptive traits,chlorophyll content,16
adaptive traits,climate change,387
adaptive traits,climate warming,13
adaptive traits,climatic conditions,80
adaptive traits,climatic variables,35
adaptive traits,common garden,106
adaptive traits,community assembly,4
adaptive traits,community composition,5
adaptive traits,community structure,4
adaptive traits,complete block,4
adaptive traits,component analysis,17
adaptive traits,drought,81
adaptive traits,drought conditions,44
adaptive traits,drought resistance,42
adaptive traits,drought stress,120
adaptive traits,drought tolerance,168
adaptive traits,ecosystem functioning,6
adaptive traits,ecosystem processes,3
adaptive traits,ecosystem services,17
adaptive traits,environmental change,17
adaptive traits,environmental conditions,111
adaptive traits,environmental factors,22
adaptive traits,environmental gradients,10
adaptive traits,environmental stress,21
adaptive traits,environmental variables,20
adaptive traits,exotic species,5
adaptive traits,farming systems,21
adaptive traits,field conditions,32
adaptive traits,field experiment,22
adaptive traits,forest ecosystems,20
adaptive traits,future climate,52
adaptive traits,genetic correlations,16
adaptive traits,genetic diversity,142
adaptive traits,genetic improvement,30
adaptive traits,genetic resources,86
adaptive traits,genetic variability,31
adaptive traits,genetic variation,159
adaptive traits,global change,30
adaptive traits,global climate,27
adaptive traits,global climate change,24
adaptive traits,global warming,44
adaptive traits,grain yield,58
adaptive traits,growing season,52
adaptive traits,growth rates,25
adaptive traits,growth stages,14
adaptive traits,habitat fragmentation,9
adaptive traits,harvest index,30
adaptive traits,heavy metals,10
adaptive traits,human activities,8
adaptive traits,increasing temperature,11
adaptive traits,interactive effects,20
adaptive traits,invasion,14
adaptive traits,invasion success,11
adaptive traits,invasive plants,13
adaptive traits,invasive species,46
adaptive traits,local adaptation,133
adaptive traits,management practices,28
adaptive traits,management strategies,23
adaptive traits,microbial communities,6
adaptive traits,molecular markers,21
adaptive traits,native plant,9
adaptive traits,native range,16
adaptive traits,native species,17
adaptive traits,natural selection,59
adaptive traits,nitrogen fertilization,2
adaptive traits,north america,15
adaptive traits,north american,14
adaptive traits,organic carbon,5
adaptive traits,organic matter,7
adaptive traits,oryza sativa,7
adaptive traits,phenotypic plasticity,90
adaptive traits,phenotypic variation,44
adaptive traits,photosynthesis,11
adaptive traits,physiological responses,22
adaptive traits,plant communities,13
adaptive traits,plant diversity,2
adaptive traits,plant growth,36
adaptive traits,plant height,25
adaptive traits,plant invasion,6
adaptive traits,plant responses,10
adaptive traits,plant species,73
adaptive traits,population dynamics,4
adaptive traits,principal component,21
adaptive traits,principal component analysis,19
adaptive traits,relative abundance,3
adaptive traits,relative importance,3
adaptive traits,relative water,20
adaptive traits,relative water content,20
adaptive traits,selection pressures,36
adaptive traits,severe drought,27
adaptive traits,spatial scales,8
adaptive traits,species composition,16
adaptive traits,species distribution,35
adaptive traits,species diversity,12
adaptive traits,species richness,9
adaptive traits,stomatal conductance,33
adaptive traits,stress conditions,43
adaptive traits,stress response,30
adaptive traits,stress tolerance,52
adaptive traits,triticum aestivum,26
adaptive traits,tropical forests,1
adaptive traits,united states,18
adaptive traits,water availability,36
adaptive traits,water content,32
adaptive traits,water deficit,65
adaptive traits,water potential,33
adaptive traits,water regimes,14
adaptive traits,water stress,64
adaptive traits,wheat,19
adaptive traits,yield,13
adaptive traits,yield components,13
agronomic traits,abiotic stress,341
agronomic traits,aboveground biomass,19
agronomic traits,adaptation,12
agronomic traits,alien species,9
agronomic traits,biodiversity,12
agronomic traits,biomass production,37
agronomic traits,block design,143
agronomic traits,breeding programs,235
agronomic traits,candidate genes,67
agronomic traits,changing climate,24
agronomic traits,chlorophyll content,96
agronomic traits,climate change,265
agronomic traits,climate warming,8
agronomic traits,climatic conditions,33
agronomic traits,climatic variables,5
agronomic traits,community structure,3
agronomic traits,complete block,104
agronomic traits,component analysis,72
agronomic traits,drought,166
agronomic traits,drought conditions,143
agronomic traits,drought resistance,180
agronomic traits,drought stress,514
agronomic traits,drought tolerance,590
agronomic traits,ecosystem services,3
agronomic traits,environmental change,2
agronomic traits,environmental conditions,66
agronomic traits,environmental factors,44
agronomic traits,environmental stress,38
agronomic traits,environmental variables,2
agronomic traits,exotic species,2
agronomic traits,farming systems,54
agronomic traits,field conditions,80
agronomic traits,field experiment,157
agronomic traits,forest ecosystems,2
agronomic traits,future climate,22
agronomic traits,genetic correlations,24
agronomic traits,genetic diversity,183
agronomic traits,genetic improvement,104
agronomic traits,genetic resources,139
agronomic traits,genetic variability,89
agronomic traits,genetic variation,111
agronomic traits,global change,1
agronomic traits,global climate,37
agronomic traits,global climate change,34
agronomic traits,global warming,43
agronomic traits,grain yield,562
agronomic traits,growing season,113
agronomic traits,growth rates,1
agronomic traits,growth stages,71
agronomic traits,harvest index,139
agronomic traits,heavy metals,42
agronomic traits,increasing temperature,13
agronomic traits,interactive effects,29
agronomic traits,invasion,4
agronomic traits,invasive plants,1
agronomic traits,invasive species,2
agronomic traits,local adaptation,20
agronomic traits,management practices,20
agronomic traits,management strategies,5
agronomic traits,microbial communities,9
agronomic traits,molecular markers,125
agronomic traits,native plant,5
agronomic traits,native species,3
agronomic traits,natural selection,5
agronomic traits,nitrogen fertilization,113
agronomic traits,north america,9
agronomic traits,north american,4
agronomic traits,organic carbon,4
agronomic traits,organic matter,28
agronomic traits,oryza sativa,102
agronomic traits,phenotypic plasticity,7
agronomic traits,phenotypic variation,61
agronomic traits,photosynthesis,36
agronomic traits,physiological responses,14
agronomic traits,plant communities,3
agronomic traits,plant diversity,1
agronomic traits,plant growth,98
agronomic traits,plant height,435
agronomic traits,plant responses,21
agronomic traits,plant species,41
agronomic traits,primary productivity,1
agronomic traits,principal component,111
agronomic traits,principal component analysis,85
agronomic traits,relative abundance,1
agronomic traits,relative importance,5
agronomic traits,relative water,60
agronomic traits,relative water content,63
agronomic traits,selection pressures,9
agronomic traits,severe drought,31
agronomic traits,species diversity,3
agronomic traits,stomatal conductance,70
agronomic traits,stress conditions,208
agronomic traits,stress response,83
agronomic traits,stress tolerance,190
agronomic traits,triticum aestivum,169
agronomic traits,united states,19
agronomic traits,water availability,24
agronomic traits,water content,90
agronomic traits,water deficit,128
agronomic traits,water potential,17
agronomic traits,water regimes,67
agronomic traits,water stress,124
agronomic traits,wheat,121
agronomic traits,yield,120
agronomic traits,yield components,155
biological traits,abiotic stress,4
biological traits,aboveground biomass,3
biological traits,adaptation,14
biological traits,alien species,91
biological traits,biodiversity,25
biological traits,biological invasions,88
biological traits,biomass production,5
biological traits,breeding programs,7
biological traits,changing climate,11
biological traits,climate change,274
biological traits,climate warming,16
biological traits,climatic conditions,31
biological traits,climatic variables,11
biological traits,common garden,4
biological traits,community assembly,16
biological traits,community composition,38
biological traits,community structure,58
biological traits,component analysis,19
biological traits,drought,17
biological traits,drought conditions,6
biological traits,drought resistance,5
biological traits,drought stress,6
biological traits,drought tolerance,1
biological traits,ecosystem functioning,142
biological traits,ecosystem processes,11
biological traits,ecosystem services,42
biological traits,environmental change,32
biological traits,environmental conditions,100
biological traits,environmental factors,55
biological traits,environmental gradients,28
biological traits,environmental stress,17
biological traits,environmental variables,65
biological traits,exotic species,33
biological traits,farming systems,7
biological traits,field conditions,2
biological traits,field experiment,9
biological traits,forest ecosystems,4
biological traits,future climate,18
biological traits,genetic diversity,32
biological traits,genetic resources,6
biological traits,genetic variability,2
biological traits,genetic variation,10
biological traits,global change,59
biological traits,global climate,27
biological traits,global climate change,26
biological traits,global warming,36
biological traits,growing season,10
biological traits,growth rates,35
biological traits,growth stages,2
biological traits,habitat fragmentation,28
biological traits,heavy metals,38
biological traits,human activities,58
biological traits,increasing temperature,13
biological traits,interactive effects,9
biological traits,invasion,43
biological traits,invasion success,57
biological traits,invasive plants,17
biological traits,invasive species,179
biological traits,local adaptation,18
biological traits,management practices,18
biological traits,management strategies,35
biological traits,microbial communities,7
biological traits,molecular markers,11
biological traits,native plant,13
biological traits,native range,51
biological traits,native species,88
biological traits,natural selection,3
biological traits,nitrogen fertilization,9
biological traits,north america,39
biological traits,north american,21
biological traits,organic carbon,13
biological traits,organic matter,34
biological traits,phenotypic plasticity,28
biological traits,phenotypic variation,1
biological traits,photosynthesis,2
biological traits,physiological responses,3
biological traits,plant communities,26
biological traits,plant diversity,3
biological traits,plant growth,8
biological traits,plant height,10
biological traits,plant invasion,22
biological traits,plant responses,4
biological traits,plant species,70
biological traits,population dynamics,44
biological traits,primary productivity,19
biological traits,principal component,18
biological traits,principal component analysis,18
biological traits,relative abundance,13
biological traits,relative importance,32
biological traits,relative water,4
biological traits,relative water content,4
biological traits,selection pressures,9
biological traits,severe drought,4
biological traits,spatial scales,52
biological traits,species composition,34
biological traits,species distribution,70
biological traits,species diversity,30
biological traits,species richness,63
biological traits,stomatal conductance,3
biological traits,stress conditions,4
biological traits,stress response,5
biological traits,stress tolerance,3
biological traits,tropical forests,5
biological traits,united states,19
biological traits,water availability,8
biological traits,water content,14
biological traits,water deficit,2
biological traits,water potential,5
biological traits,water regimes,7
biological traits,water stress,5
ecological traits,abiotic stress,8
ecological traits,aboveground biomass,6
ecological traits,adaptation,19
ecological traits,alien species,62
ecological traits,biodiversity,37
ecological traits,biological invasions,66
ecological traits,biomass production,2
ecological traits,changing climate,19
ecological traits,chlorophyll content,2
ecological traits,climate change,296
ecological traits,climate warming,30
ecological traits,climatic conditions,26
ecological traits,climatic variables,17
ecological traits,common garden,8
ecological traits,community assembly,33
ecological traits,community composition,50
ecological traits,community structure,34
ecological traits,component analysis,2
ecological traits,drought,11
ecological traits,drought conditions,1
ecological traits,drought resistance,9
ecological traits,drought stress,1
ecological traits,drought tolerance,9
ecological traits,ecosystem functioning,106
ecological traits,ecosystem processes,9
ecological traits,ecosystem services,48
ecological traits,environmental change,57
ecological traits,environmental conditions,74
ecological traits,environmental factors,45
ecological traits,environmental gradients,14
ecological traits,environmental stress,15
ecological traits,environmental variables,29
ecological traits,exotic species,38
ecological traits,farming systems,2
ecological traits,field conditions,4
ecological traits,field experiment,6
ecological traits,forest ecosystems,11
ecological traits,future climate,21
ecological traits,genetic correlations,7
ecological traits,genetic diversity,27
ecological traits,genetic improvement,2
ecological traits,genetic variability,7
ecological traits,genetic variation,22
ecological traits,global change,76
ecological traits,global climate,21
ecological traits,global climate change,16
ecological traits,global warming,47
ecological traits,grain yield,4
ecological traits,growing season,5
ecological traits,growth rates,18
ecological traits,habitat fragmentation,82
ecological traits,heavy metals,16
ecological traits,human activities,21
ecological traits,increasing temperature,20
ecological traits,interactive effects,8
ecological traits,invasion,28
ecological traits,invasion success,43
ecological traits,invasive plants,18
ecological traits,invasive species,104
ecological traits,local adaptation,13
ecological traits,management practices,16
ecological traits,management strategies,35
ecological traits,microbial communities,5
ecological traits,molecular markers,2
ecological traits,native plant,15
ecological traits,native range,29
ecological traits,native species,71
ecological traits,natural selection,5
ecological traits,nitrogen fertilization,1
ecological traits,north america,43
ecological traits,north american,30
ecological traits,organic carbon,3
ecological traits,organic matter,10
ecological traits,phenotypic plasticity,22
ecological traits,photosynthesis,1
ecological traits,physiological responses,3
ecological traits,plant communities,32
ecological traits,plant diversity,10
ecological traits,plant growth,11
ecological traits,plant height,3
ecological traits,plant invasion,22
ecological traits,plant responses,1
ecological traits,plant species,77
ecological traits,population dynamics,26
ecological traits,primary productivity,5
ecological traits,principal component,4
ecological traits,principal component analysis,2
ecological traits,relative abundance,12
ecological traits,relative importance,37
ecological traits,relative water content,1
ecological traits,selection pressures,16
ecological traits,severe drought,1
ecological traits,spatial scales,48
ecological traits,species composition,61
ecological traits,species distribution,80
ecological traits,species diversity,32
ecological traits,species richness,146
ecological traits,stomatal conductance,2
ecological traits,stress conditions,4
ecological traits,stress response,6
ecological traits,stress tolerance,6
ecological traits,tropical forests,43
ecological traits,united states,13
ecological traits,water availability,7
ecological traits,water content,7
ecological traits,water deficit,3
ecological traits,water potential,4
ecological traits,water regimes,3
ecological traits,water stress,1
functional diversity,abiotic stress,21
functional diversity,aboveground biomass,55
functional diversity,adaptation,4
functional diversity,alien species,71
functional diversity,biodiversity,267
functional diversity,biological invasions,75
functional diversity,biomass production,69
functional diversity,block design,5
functional diversity,candidate genes,6
functional diversity,changing climate,33
functional diversity,chlorophyll content,4
functional diversity,climate change,564
functional diversity,climate warming,46
functional diversity,climatic conditions,59
functional diversity,climatic variables,44
functional diversity,common garden,15
functional diversity,community assembly,297
functional diversity,community composition,293
functional diversity,community structure,288
functional diversity,complete block,3
functional diversity,component analysis,52
functional diversity,drought,60
functional diversity,drought conditions,9
functional diversity,drought resistance,35
functional diversity,drought stress,29
functional diversity,drought tolerance,37
functional diversity,ecosystem functioning,922
functional diversity,ecosystem processes,203
functional diversity,ecosystem services,341
functional diversity,environmental change,166
functional diversity,environmental conditions,198
functional diversity,environmental factors,165
functional diversity,environmental gradients,191
functional diversity,environmental stress,32
functional diversity,environmental variables,186
functional diversity,exotic species,73
functional diversity,farming systems,38
functional diversity,field conditions,11
functional diversity,field experiment,57
functional diversity,forest ecosystems,105
functional diversity,future climate,56
functional diversity,genetic diversity,25
functional diversity,genetic resources,1
functional diversity,genetic variation,4
functional diversity,global change,242
functional diversity,global climate,37
functional diversity,global climate change,31
functional diversity,global warming,35
functional diversity,growing season,61
functional diversity,growth rates,20
functional diversity,growth stages,2
functional diversity,habitat fragmentation,111
functional diversity,heavy metals,40
functional diversity,human activities,112
functional diversity,increasing temperature,16
functional diversity,interactive effects,39
functional diversity,invasion,35
functional diversity,invasion success,35
functional diversity,invasive plants,71
functional diversity,invasive species,142
functional diversity,local adaptation,6
functional diversity,management practices,100
functional diversity,management strategies,56
functional diversity,microbial communities,123
functional diversity,native plant,81
functional diversity,native range,14
functional diversity,native species,153
functional diversity,natural selection,6
functional diversity,nitrogen fertilization,11
functional diversity,north america,31
functional diversity,north american,25
functional diversity,organic carbon,61
functional diversity,organic matter,90
functional diversity,oryza sativa,2
functional diversity,phenotypic plasticity,14
functional diversity,phenotypic variation,5
functional diversity,photosynthesis,9
functional diversity,physiological responses,1
functional diversity,plant communities,609
functional diversity,plant diversity,175
functional diversity,plant growth,54
functional diversity,plant height,114
functional diversity,plant invasion,68
functional diversity,plant responses,10
functional diversity,plant species,386
functional diversity,population dynamics,15
functional diversity,primary productivity,91
functional diversity,principal component,57
functional diversity,principal component analysis,49
functional diversity,relative abundance,116
functional diversity,relative importance,93
functional diversity,relative water,1
functional diversity,relative water content,1
functional diversity,selection pressures,8
functional diversity,severe drought,11
functional diversity,spatial scales,163
functional diversity,species composition,293
functional diversity,species distribution,71
functional diversity,species diversity,381
functional diversity,species richness,919
functional diversity,stomatal conductance,17
functional diversity,stress conditions,10
functional diversity,stress response,11
functional diversity,stress tolerance,20
functional diversity,triticum aestivum,2
functional diversity,tropical forests,224
functional diversity,united states,29
functional diversity,water availability,60
functional diversity,water content,27
functional diversity,water deficit,16
functional diversity,water potential,10
functional diversity,water stress,24
functional diversity,wheat,4
functional diversity,yield components,1
functional groups,abiotic stress,53
functional groups,aboveground biomass,249
functional groups,adaptation,18
functional groups,alien species,96
functional groups,biodiversity,340
functional groups,biological invasions,145
functional groups,biomass production,161
functional groups,block design,31
functional groups,breeding programs,6
functional groups,candidate genes,7
functional groups,changing climate,88
functional groups,chlorophyll content,44
functional groups,climate change,1590
functional groups,climate warming,217
functional groups,climatic conditions,166
functional groups,climatic variables,107
functional groups,common garden,33
functional groups,community assembly,124
functional groups,community composition,906
functional groups,community structure,841
functional groups,complete block,17
functional groups,component analysis,155
functional groups,drought,188
functional groups,drought conditions,56
functional groups,drought resistance,61
functional groups,drought stress,155
functional groups,drought tolerance,74
functional groups,ecosystem functioning,969
functional groups,ecosystem processes,262
functional groups,ecosystem services,444
functional groups,environmental change,177
functional groups,environmental conditions,394
functional groups,environmental factors,373
functional groups,environmental gradients,132
functional groups,environmental stress,65
functional groups,environmental variables,267
functional groups,exotic species,248
functional groups,farming systems,103
functional groups,field conditions,40
functional groups,field experiment,279
functional groups,forest ecosystems,197
functional groups,future climate,145
functional groups,genetic diversity,23
functional groups,genetic improvement,2
functional groups,genetic variability,3
functional groups,genetic variation,6
functional groups,global change,385
functional groups,global climate,175
functional groups,global climate change,158
functional groups,global warming,243
functional groups,grain yield,15
functional groups,growing season,322
functional groups,growth rates,91
functional groups,growth stages,12
functional groups,habitat fragmentation,141
functional groups,harvest index,2
functional groups,heavy metals,1213
functional groups,human activities,176
functional groups,increasing temperature,91
functional groups,interactive effects,173
functional groups,invasion,124
functional groups,invasion success,46
functional groups,invasive plants,212
functional groups,invasive species,420
functional groups,local adaptation,10
functional groups,management practices,208
functional groups,management strategies,145
functional groups,microbial communities,581
functional groups,molecular markers,7
functional groups,native plant,207
functional groups,native range,14
functional groups,native species,353
functional groups,natural selection,5
functional groups,nitrogen fertilization,96
functional groups,north america,126
functional groups,north american,75
functional groups,organic carbon,539
functional groups,organic matter,928
functional groups,oryza sativa,13
functional groups,phenotypic plasticity,16
functional groups,phenotypic variation,2
functional groups,photosynthesis,33
functional groups,physiological responses,47
functional groups,plant communities,1258
functional groups,plant diversity,352
functional groups,plant growth,253
functional groups,plant height,54
functional groups,plant invasion,150
functional groups,plant responses,99
functional groups,plant species,972
functional groups,population dynamics,94
functional groups,primary productivity,369
functional groups,principal component,187
functional groups,principal component analysis,160
functional groups,relative abundance,448
functional groups,relative importance,139
functional groups,relative water,31
functional groups,relative water content,25
functional groups,selection pressures,12
functional groups,severe drought,62
functional groups,spatial scales,247
functional groups,species composition,754
functional groups,species distribution,161
functional groups,species diversity,551
functional groups,species richness,1499
functional groups,stomatal conductance,66
functional groups,stress conditions,51
functional groups,stress response,39
functional groups,stress tolerance,30
functional groups,triticum aestivum,5
functional groups,tropical forests,224
functional groups,united states,117
functional groups,water availability,139
functional groups,water content,159
functional groups,water deficit,33
functional groups,water potential,64
functional groups,water regimes,24
functional groups,water stress,69
functional groups,wheat,5
functional groups,yield,6
functional traits,abiotic stress,77
functional traits,aboveground biomass,182
functional traits,adaptation,83
functional traits,alien species,266
functional traits,biodiversity,377
functional traits,biological invasions,270
functional traits,biomass production,143
functional traits,block design,20
functional traits,breeding programs,18
functional traits,candidate genes,8
functional traits,changing climate,170
functional traits,chlorophyll content,137
functional traits,climate change,2150
functional traits,climate warming,218
functional traits,climatic conditions,316
functional traits,climatic variables,179
functional traits,common garden,222
functional traits,community assembly,569
functional traits,community composition,622
functional traits,community structure,509
functional traits,complete block,6
functional traits,component analysis,172
functional traits,drought,325
functional traits,drought conditions,124
functional traits,drought resistance,153
functional traits,drought stress,285
functional traits,drought tolerance,310
functional traits,ecosystem functioning,1324
functional traits,ecosystem processes,368
functional traits,ecosystem services,609
functional traits,environmental change,393
functional traits,environmental conditions,814
functional traits,environmental factors,434
functional traits,environmental gradients,448
functional traits,environmental stress,111
functional traits,environmental variables,339
functional traits,exotic species,215
functional traits,farming systems,66
functional traits,field conditions,57
functional traits,field experiment,153
functional traits,forest ecosystems,259
functional traits,future climate,280
functional traits,genetic correlations,29
functional traits,genetic diversity,103
functional traits,genetic improvement,11
functional traits,genetic resources,17
functional traits,genetic variability,31
functional traits,genetic variation,111
functional traits,global change,702
functional traits,global climate,185
functional traits,global climate change,152
functional traits,global warming,219
functional traits,grain yield,31
functional traits,growing season,323
functional traits,growth rates,224
functional traits,growth stages,21
functional traits,habitat fragmentation,156
functional traits,harvest index,9
functional traits,heavy metals,61
functional traits,human activities,193
functional traits,increasing temperature,131
functional traits,interactive effects,144
functional traits,invasion,160
functional traits,invasion success,157
functional traits,invasive plants,390
functional traits,invasive species,633
functional traits,local adaptation,129
functional traits,management practices,152
functional traits,management strategies,119
functional traits,microbial communities,171
functional traits,molecular markers,12
functional traits,native plant,239
functional traits,native range,100
functional traits,native species,505
functional traits,natural selection,55
functional traits,nitrogen fertilization,31
functional traits,north america,174
functional traits,north american,97
functional traits,organic carbon,124
functional traits,organic matter,171
functional traits,phenotypic plasticity,361
functional traits,phenotypic variation,79
functional traits,photosynthesis,125
functional traits,physiological responses,70
functional traits,plant communities,1392
functional traits,plant diversity,273
functional traits,plant growth,279
functional traits,plant height,394
functional traits,plant invasion,270
functional traits,plant responses,211
functional traits,plant species,1331
functional traits,population dynamics,80
functional traits,primary productivity,184
functional traits,principal component,193
functional traits,principal component analysis,163
functional traits,relative abundance,187
functional traits,relative importance,252
functional traits,relative water,49
functional traits,relative water content,48
functional traits,selection pressures,91
functional traits,severe drought,114
functional traits,spatial scales,324
functional traits,species composition,671
functional traits,species distribution,395
functional traits,species diversity,503
functional traits,species richness,1129
functional traits,stomatal conductance,217
functional traits,stress conditions,74
functional traits,stress response,32
functional traits,stress tolerance,131
functional traits,triticum aestivum,6
functional traits,tropical forests,529
functional traits,united states,99
functional traits,water availability,362
functional traits,water content,257
functional traits,water deficit,120
functional traits,water potential,259
functional traits,water regimes,39
functional traits,water stress,192
functional traits,wheat,2
functional traits,yield,4
functional traits,yield components,10
growth traits,abiotic stress,34
growth traits,aboveground biomass,30
growth traits,adaptation,25
growth traits,alien species,17
growth traits,biodiversity,2
growth traits,biological invasions,21
growth traits,biomass production,50
growth traits,block design,54
growth traits,breeding programs,82
growth traits,candidate genes,17
growth traits,changing climate,23
growth traits,chlorophyll content,58
growth traits,climate change,188
growth traits,climate warming,16
growth traits,climatic conditions,41
growth traits,climatic variables,26
growth traits,common garden,75
growth traits,community composition,8
growth traits,community structure,13
growth traits,complete block,27
growth traits,component analysis,29
growth traits,drought,58
growth traits,drought conditions,34
growth traits,drought resistance,35
growth traits,drought stress,148
growth traits,drought tolerance,112
growth traits,ecosystem functioning,13
growth traits,ecosystem processes,6
growth traits,ecosystem services,10
growth traits,environmental change,13
growth traits,environmental conditions,55
growth traits,environmental factors,34
growth traits,environmental gradients,10
growth traits,environmental stress,22
growth traits,environmental variables,4
growth traits,exotic species,13
growth traits,farming systems,18
growth traits,field conditions,13
growth traits,field experiment,48
growth traits,forest ecosystems,12
growth traits,future climate,32
growth traits,genetic correlations,174
growth traits,genetic diversity,44
growth traits,genetic improvement,56
growth traits,genetic resources,24
growth traits,genetic variability,33
growth traits,genetic variation,208
growth traits,global change,8
growth traits,global climate,23
growth traits,global climate change,20
growth traits,global warming,27
growth traits,grain yield,39
growth traits,growing season,72
growth traits,growth rates,48
growth traits,growth stages,37
growth traits,habitat fragmentation,1
growth traits,harvest index,13
growth traits,heavy metals,36
growth traits,human activities,7
growth traits,increasing temperature,18
growth traits,interactive effects,42
growth traits,invasion,17
growth traits,invasion success,19
growth traits,invasive plants,72
growth traits,invasive species,75
growth traits,local adaptation,46
growth traits,management practices,6
growth traits,management strategies,17
growth traits,microbial communities,16
growth traits,molecular markers,17
growth traits,native plant,26
growth traits,native range,22
growth traits,native species,43
growth traits,natural selection,8
growth traits,nitrogen fertilization,44
growth traits,north america,20
growth traits,north american,9
growth traits,organic carbon,7
growth traits,organic matter,18
growth traits,oryza sativa,28
growth traits,phenotypic plasticity,59
growth traits,phenotypic variation,34
growth traits,photosynthesis,35
growth traits,physiological responses,31
growth traits,plant communities,31
growth traits,plant diversity,8
growth traits,plant growth,159
growth traits,plant height,129
growth traits,plant invasion,37
growth traits,plant responses,18
growth traits,plant species,50
growth traits,population dynamics,7
growth traits,primary productivity,8
growth traits,principal component,36
growth traits,principal component analysis,29
growth traits,relative abundance,3
growth traits,relative importance,1
growth traits,relative water,40
growth traits,relative water content,40
growth traits,selection pressures,13
growth traits,severe drought,22
growth traits,spatial scales,1
growth traits,species composition,8
growth traits,species distribution,10
growth traits,species diversity,11
growth traits,species richness,10
growth traits,stomatal conductance,80
growth traits,stress conditions,67
growth traits,stress response,20
growth traits,stress tolerance,39
growth traits,triticum aestivum,30
growth traits,tropical forests,5
growth traits,united states,14
growth traits,water availability,33
growth traits,water content,59
growth traits,water deficit,66
growth traits,water potential,49
growth traits,water regimes,32
growth traits,water stress,93
growth traits,wheat,24
growth traits,yield,20
growth traits,yield components,13
history traits,abiotic stress,15
history traits,aboveground biomass,3
history traits,adaptation,41
history traits,alien species,51
history traits,biodiversity,24
history traits,biological invasions,107
history traits,biomass production,10
history traits,candidate genes,3
history traits,changing climate,50
history traits,chlorophyll content,1
history traits,climate change,585
history traits,climate warming,66
history traits,climatic conditions,56
history traits,climatic variables,49
history traits,common garden,53
history traits,community assembly,15
history traits,community composition,52
history traits,community structure,41
history traits,component analysis,22
history traits,drought,29
history traits,drought conditions,9
history traits,drought resistance,6
history traits,drought stress,6
history traits,drought tolerance,13
history traits,ecosystem functioning,88
history traits,ecosystem processes,17
history traits,ecosystem services,29
history traits,environmental change,76
history traits,environmental conditions,171
history traits,environmental factors,99
history traits,environmental gradients,24
history traits,environmental stress,21
history traits,environmental variables,54
history traits,exotic species,63
history traits,farming systems,7
history traits,field conditions,13
history traits,field experiment,17
history traits,forest ecosystems,14
history traits,future climate,41
history traits,genetic correlations,12
history traits,genetic diversity,92
history traits,genetic resources,5
history traits,genetic variability,23
history traits,genetic variation,85
history traits,global change,82
history traits,global climate,61
history traits,global climate change,49
history traits,global warming,104
history traits,growing season,35
history traits,growth rates,136
history traits,growth stages,5
history traits,habitat fragmentation,90
history traits,heavy metals,41
history traits,human activities,65
history traits,increasing temperature,63
history traits,interactive effects,42
history traits,invasion,51
history traits,invasion success,71
history traits,invasive plants,40
history traits,invasive species,246
history traits,local adaptation,44
history traits,management practices,17
history traits,management strategies,36
history traits,microbial communities,13
history traits,molecular markers,9
history traits,native plant,11
history traits,native range,82
history traits,native species,70
history traits,natural selection,20
history traits,nitrogen fertilization,3
history traits,north america,108
history traits,north american,59
history traits,organic matter,6
history traits,oryza sativa,1
history traits,phenotypic plasticity,116
history traits,phenotypic variation,22
history traits,photosynthesis,3
history traits,physiological responses,11
history traits,plant communities,65
history traits,plant diversity,8
history traits,plant growth,18
history traits,plant height,20
history traits,plant invasion,34
history traits,plant responses,9
history traits,plant species,143
history traits,population dynamics,199
history traits,primary productivity,20
history traits,principal component,24
history traits,principal component analysis,22
history traits,relative abundance,20
history traits,relative importance,25
history traits,relative water,1
history traits,relative water content,1
history traits,selection pressures,53
history traits,severe drought,2
history traits,spatial scales,93
history traits,species composition,51
history traits,species distribution,79
history traits,species diversity,28
history traits,species richness,97
history traits,stomatal conductance,1
history traits,stress conditions,16
history traits,stress response,14
history traits,stress tolerance,11
history traits,triticum aestivum,1
history traits,tropical forests,30
history traits,united states,76
history traits,water availability,13
history traits,water content,11
history traits,water deficit,1
history traits,water regimes,9
history traits,water stress,11
important traits,abiotic stress,109
important traits,aboveground biomass,12
important traits,adaptation,22
important traits,alien species,10
important traits,biodiversity,7
important traits,biological invasions,19
important traits,biomass production,31
important traits,block design,39
important traits,breeding programs,111
important traits,candidate genes,54
important traits,changing climate,29
important traits,chlorophyll content,22
important traits,climate change,218
important traits,climate warming,1
important traits,climatic conditions,34
important traits,climatic variables,12
important traits,common garden,25
important traits,community assembly,4
important traits,community composition,3
important traits,community structure,8
important traits,complete block,27
important traits,component analysis,24
important traits,drought,65
important traits,drought conditions,48
important traits,drought resistance,51
important traits,drought stress,137
important traits,drought tolerance,208
important traits,ecosystem functioning,17
important traits,ecosystem processes,8
important traits,ecosystem services,5
important traits,environmental change,22
important traits,environmental conditions,69
important traits,environmental factors,29
important traits,environmental gradients,18
important traits,environmental stress,31
important traits,environmental variables,21
important traits,exotic species,11
important traits,farming systems,46
important traits,field conditions,19
important traits,field experiment,19
important traits,forest ecosystems,5
important traits,future climate,18
important traits,genetic correlations,39
important traits,genetic diversity,101
important traits,genetic improvement,83
important traits,genetic resources,58
important traits,genetic variability,39
important traits,genetic variation,98
important traits,global change,20
important traits,global climate,38
important traits,global climate change,25
important traits,global warming,27
important traits,grain yield,107
important traits,growing season,29
important traits,growth rates,17
important traits,growth stages,20
important traits,habitat fragmentation,14
important traits,harvest index,48
important traits,heavy metals,6
important traits,human activities,9
important traits,increasing temperature,4
important traits,interactive effects,25
important traits,invasion,14
important traits,invasion success,24
important traits,invasive plants,26
important traits,invasive species,69
important traits,local adaptation,34
important traits,management practices,20
important traits,management strategies,7
important traits,microbial communities,7
important traits,molecular markers,64
important traits,native plant,5
important traits,native range,20
important traits,native species,17
important traits,natural selection,23
important traits,nitrogen fertilization,7
important traits,north america,28
important traits,north american,24
important traits,organic carbon,2
important traits,organic matter,2
important traits,oryza sativa,27
important traits,phenotypic plasticity,40
important traits,phenotypic variation,46
important traits,photosynthesis,16
important traits,physiological responses,28
important traits,plant communities,22
important traits,plant diversity,6
important traits,plant growth,22
important traits,plant height,51
important traits,plant invasion,16
important traits,plant responses,19
important traits,plant species,65
important traits,population dynamics,9
important traits,primary productivity,1
important traits,principal component,29
important traits,principal component analysis,25
important traits,relative abundance,1
important traits,relative importance,27
important traits,relative water,14
important traits,relative water content,13
important traits,selection pressures,29
important traits,severe drought,12
important traits,spatial scales,18
important traits,species composition,8
important traits,species distribution,10
important traits,species diversity,2
important traits,species richness,10
important traits,stomatal conductance,30
important traits,stress conditions,61
important traits,stress response,31
important traits,stress tolerance,79
important traits,triticum aestivum,27
important traits,tropical forests,10
important traits,united states,14
important traits,water availability,23
important traits,water content,23
important traits,water deficit,55
important traits,water potential,22
important traits,water regimes,24
important traits,water stress,53
important traits,wheat,28
important traits,yield,26
important traits,yield components,31
life-history traits,abiotic stress,8
life-history traits,aboveground biomass,1
life-history traits,adaptation,46
life-history traits,alien species,80
life-history traits,biodiversity,41
life-history traits,biological invasions,181
life-history traits,biomass production,6
life-history traits,candidate genes,5
life-history traits,changing climate,63
life-history traits,chlorophyll content,2
life-history traits,climate change,891
life-history traits,climate warming,122
life-history traits,climatic conditions,100
life-history traits,climatic variables,57
life-history traits,common garden,80
life-history traits,community assembly,34
life-history traits,community composition,70
life-history traits,community structure,58
life-history traits,component analysis,9
life-history traits,drought,21
life-history traits,drought conditions,6
life-history traits,drought resistance,3
life-history traits,drought stress,13
life-history traits,drought tolerance,8
life-history traits,ecosystem functioning,58
life-history traits,ecosystem processes,14
life-history traits,ecosystem services,29
life-history traits,environmental change,113
life-history traits,environmental conditions,299
life-history traits,environmental factors,106
life-history traits,environmental gradients,49
life-history traits,environmental stress,14
life-history traits,environmental variables,111
life-history traits,exotic species,55
life-history traits,farming systems,2
life-history traits,field conditions,9
life-history traits,field experiment,27
life-history traits,forest ecosystems,24
life-history traits,future climate,63
life-history traits,genetic correlations,17
life-history traits,genetic diversity,146
life-history traits,genetic variability,18
life-history traits,genetic variation,135
life-history traits,global change,131
life-history traits,global climate,60
life-history traits,global climate change,53
life-history traits,global warming,167
life-history traits,growing season,45
life-history traits,growth rates,186
life-history traits,growth stages,2
life-history traits,habitat fragmentation,142
life-history traits,heavy metals,31
life-history traits,human activities,32
life-history traits,increasing temperature,62
life-history traits,interactive effects,45
life-history traits,invasion,84
life-history traits,invasion success,121
life-history traits,invasive plants,69
life-history traits,invasive species,355
life-history traits,local adaptation,125
life-history traits,management practices,18
life-history traits,management strategies,66
life-history traits,microbial communities,9
life-history traits,molecular markers,11
life-history traits,native plant,25
life-history traits,native range,79
life-history traits,native species,121
life-history traits,natural selection,49
life-history traits,nitrogen fertilization,1
life-history traits,north america,106
life-history traits,north american,61
life-history traits,organic matter,17
life-history traits,phenotypic plasticity,218
life-history traits,phenotypic variation,40
life-history traits,photosynthesis,7
life-history traits,physiological responses,15
life-history traits,plant communities,98
life-history traits,plant diversity,31
life-history traits,plant growth,14
life-history traits,plant height,25
life-history traits,plant invasion,45
life-history traits,plant responses,8
life-history traits,plant species,178
life-history traits,population dynamics,233
life-history traits,primary productivity,17
life-history traits,principal component,16
life-history traits,principal component analysis,9
life-history traits,relative abundance,20
life-history traits,relative importance,54
life-history traits,relative water,1
life-history traits,relative water content,1
life-history traits,selection pressures,87
life-history traits,severe drought,10
life-history traits,spatial scales,103
life-history traits,species composition,109
life-history traits,species distribution,125
life-history traits,species diversity,48
life-history traits,species richness,149
life-history traits,stomatal conductance,1
life-history traits,stress conditions,13
life-history traits,stress response,25
life-history traits,stress tolerance,17
life-history traits,tropical forests,38
life-history traits,united states,46
life-history traits,water availability,8
life-history traits,water content,13
life-history traits,water deficit,1
life-history traits,water potential,4
life-history traits,water stress,3
morphological traits,abiotic stress,158
morphological traits,aboveground biomass,54
morphological traits,adaptation,72
morphological traits,alien species,45
morphological traits,biodiversity,25
morphological traits,biological invasions,73
morphological traits,biomass production,68
morphological traits,block design,77
morphological traits,breeding programs,126
morphological traits,candidate genes,35
morphological traits,changing climate,40
morphological traits,chlorophyll content,132
morphological traits,climate change,653
morphological traits,climate warming,29
morphological traits,climatic conditions,119
morphological traits,climatic variables,49
morphological traits,common garden,58
morphological traits,community assembly,19
morphological traits,community composition,40
morphological traits,community structure,29
morphological traits,complete block,61
morphological traits,component analysis,162
morphological traits,drought,203
morphological traits,drought conditions,144
morphological traits,drought resistance,153
morphological traits,drought stress,497
morphological traits,drought tolerance,430
morphological traits,ecosystem functioning,97
morphological traits,ecosystem processes,30
morphological traits,ecosystem services,36
morphological traits,environmental change,46
morphological traits,environmental conditions,257
morphological traits,environmental factors,118
morphological traits,environmental gradients,69
morphological traits,environmental stress,65
morphological traits,environmental variables,53
morphological traits,exotic species,47
morphological traits,farming systems,52
morphological traits,field conditions,63
morphological traits,field experiment,80
morphological traits,forest ecosystems,60
morphological traits,future climate,62
morphological traits,genetic correlations,18
morphological traits,genetic diversity,259
morphological traits,genetic improvement,40
morphological traits,genetic resources,70
morphological traits,genetic variability,104
morphological traits,genetic variation,139
morphological traits,global change,57
morphological traits,global climate,82
morphological traits,global climate change,66
morphological traits,global warming,97
morphological traits,grain yield,210
morphological traits,growing season,109
morphological traits,growth rates,47
morphological traits,growth stages,92
morphological traits,habitat fragmentation,58
morphological traits,harvest index,77
morphological traits,heavy metals,47
morphological traits,human activities,44
morphological traits,increasing temperature,47
morphological traits,interactive effects,54
morphological traits,invasion,31
morphological traits,invasion success,41
morphological traits,invasive plants,92
morphological traits,invasive species,189
morphological traits,local adaptation,49
morphological traits,management practices,15
morphological traits,management strategies,23
morphological traits,microbial communities,6
morphological traits,molecular markers,115
morphological traits,native plant,28
morphological traits,native range,37
morphological traits,native species,87
morphological traits,natural selection,40
morphological traits,nitrogen fertilization,38
morphological traits,north america,95
morphological traits,north american,54
morphological traits,organic carbon,13
morphological traits,organic matter,28
morphological traits,oryza sativa,72
morphological traits,phenotypic plasticity,185
morphological traits,phenotypic variation,103
morphological traits,photosynthesis,80
morphological traits,physiological responses,59
morphological traits,plant communities,75
morphological traits,plant diversity,12
morphological traits,plant growth,163
morphological traits,plant height,279
morphological traits,plant invasion,25
morphological traits,plant responses,50
morphological traits,plant species,204
morphological traits,population dynamics,22
morphological traits,primary productivity,23
morphological traits,principal component,212
morphological traits,principal component analysis,158
morphological traits,relative abundance,26
morphological traits,relative importance,29
morphological traits,relative water,66
morphological traits,relative water content,66
morphological traits,selection pressures,57
morphological traits,severe drought,67
morphological traits,spatial scales,13
morphological traits,species composition,48
morphological traits,species distribution,57
morphological traits,species diversity,30
morphological traits,species richness,73
morphological traits,stomatal conductance,140
morphological traits,stress conditions,182
morphological traits,stress response,40
morphological traits,stress tolerance,107
morphological traits,triticum aestivum,69
morphological traits,tropical forests,47
morphological traits,united states,39
morphological traits,water availability,118
morphological traits,water content,151
morphological traits,water deficit,140
morphological traits,water potential,114
morphological traits,water regimes,61
morphological traits,water stress,218
morphological traits,wheat,42
morphological traits,yield,53
morphological traits,yield components,79
phenotypic traits,abiotic stress,103
phenotypic traits,aboveground biomass,6
phenotypic traits,adaptation,55
phenotypic traits,alien species,15
phenotypic traits,biodiversity,7
phenotypic traits,biological invasions,59
phenotypic traits,biomass production,17
phenotypic traits,block design,13
phenotypic traits,breeding programs,61
phenotypic traits,candidate genes,54
phenotypic traits,changing climate,39
phenotypic traits,chlorophyll content,24
phenotypic traits,climate change,319
phenotypic traits,climate warming,19
phenotypic traits,climatic conditions,55
phenotypic traits,climatic variables,25
phenotypic traits,common garden,117
phenotypic traits,community assembly,5
phenotypic traits,community composition,10
phenotypic traits,community structure,3
phenotypic traits,complete block,7
phenotypic traits,component analysis,40
phenotypic traits,drought,55
phenotypic traits,drought conditions,34
phenotypic traits,drought resistance,45
phenotypic traits,drought stress,156
phenotypic traits,drought tolerance,174
phenotypic traits,ecosystem functioning,20
phenotypic traits,ecosystem processes,6
phenotypic traits,ecosystem services,11
phenotypic traits,environmental change,43
phenotypic traits,environmental conditions,131
phenotypic traits,environmental factors,59
phenotypic traits,environmental gradients,24
phenotypic traits,environmental stress,33
phenotypic traits,environmental variables,30
phenotypic traits,exotic species,11
phenotypic traits,farming systems,14
phenotypic traits,field conditions,31
phenotypic traits,field experiment,34
phenotypic traits,forest ecosystems,2
phenotypic traits,future climate,37
phenotypic traits,genetic correlations,17
phenotypic traits,genetic diversity,177
phenotypic traits,genetic improvement,26
phenotypic traits,genetic resources,46
phenotypic traits,genetic variability,41
phenotypic traits,genetic variation,150
phenotypic traits,global change,46
phenotypic traits,global climate,44
phenotypic traits,global climate change,34
phenotypic traits,global warming,56
phenotypic traits,grain yield,57
phenotypic traits,growing season,31
phenotypic traits,growth rates,23
phenotypic traits,growth stages,11
phenotypic traits,habitat fragmentation,30
phenotypic traits,harvest index,15
phenotypic traits,heavy metals,11
phenotypic traits,human activities,8
phenotypic traits,increasing temperature,33
phenotypic traits,interactive effects,9
phenotypic traits,invasion,23
phenotypic traits,invasion success,28
phenotypic traits,invasive plants,43
phenotypic traits,invasive species,109
phenotypic traits,local adaptation,84
phenotypic traits,management practices,15
phenotypic traits,management strategies,15
phenotypic traits,microbial communities,5
phenotypic traits,molecular markers,74
phenotypic traits,native plant,25
phenotypic traits,native range,26
phenotypic traits,native species,25
phenotypic traits,natural selection,75
phenotypic traits,nitrogen fertilization,13
phenotypic traits,north america,44
phenotypic traits,north american,14
phenotypic traits,organic carbon,2
phenotypic traits,organic matter,10
phenotypic traits,oryza sativa,13
phenotypic traits,phenotypic plasticity,154
phenotypic traits,phenotypic variation,127
phenotypic traits,photosynthesis,6
phenotypic traits,physiological responses,27
phenotypic traits,plant communities,12
phenotypic traits,plant diversity,2
phenotypic traits,plant growth,38
phenotypic traits,plant height,71
phenotypic traits,plant invasion,32
phenotypic traits,plant responses,12
phenotypic traits,plant species,60
phenotypic traits,population dynamics,43
phenotypic traits,primary productivity,8
phenotypic traits,principal component,62
phenotypic traits,principal component analysis,38
phenotypic traits,relative abundance,9
phenotypic traits,relative importance,11
phenotypic traits,relative water,22
phenotypic traits,relative water content,24
phenotypic traits,selection pressures,76
phenotypic traits,severe drought,6
phenotypic traits,spatial scales,16
phenotypic traits,species composition,16
phenotypic traits,species distribution,19
phenotypic traits,species diversity,2
phenotypic traits,species richness,18
phenotypic traits,stomatal conductance,16
phenotypic traits,stress conditions,65
phenotypic traits,stress response,41
phenotypic traits,stress tolerance,42
phenotypic traits,triticum aestivum,23
phenotypic traits,tropical forests,7
phenotypic traits,united states,24
phenotypic traits,water availability,12
phenotypic traits,water content,33
phenotypic traits,water deficit,28
phenotypic traits,water potential,5
phenotypic traits,water regimes,14
phenotypic traits,water stress,40
phenotypic traits,wheat,15
phenotypic traits,yield,4
phenotypic traits,yield components,10
physiological traits,abiotic stress,378
physiological traits,aboveground biomass,47
physiological traits,adaptation,52
physiological traits,alien species,30
physiological traits,biodiversity,7
physiological traits,biological invasions,61
physiological traits,biomass production,96
physiological traits,block design,139
physiological traits,breeding programs,237
physiological traits,candidate genes,57
physiological traits,changing climate,95
physiological traits,chlorophyll content,426
physiological traits,climate change,792
physiological traits,climate warming,56
physiological traits,climatic conditions,133
physiological traits,climatic variables,56
physiological traits,common garden,76
physiological traits,community assembly,8
physiological traits,community composition,12
physiological traits,community structure,26
physiological traits,complete block,126
physiological traits,component analysis,128
physiological traits,drought,414
physiological traits,drought conditions,350
physiological traits,drought resistance,267
physiological traits,drought stress,1110
physiological traits,drought tolerance,1088
physiological traits,ecosystem functioning,53
physiological traits,ecosystem processes,14
physiological traits,ecosystem services,28
physiological traits,environmental change,39
physiological traits,environmental conditions,215
physiological traits,environmental factors,90
physiological traits,environmental gradients,40
physiological traits,environmental stress,106
physiological traits,environmental variables,27
physiological traits,exotic species,21
physiological traits,farming systems,24
physiological traits,field conditions,139
physiological traits,field experiment,181
physiological traits,forest ecosystems,31
physiological traits,future climate,90
physiological traits,genetic correlations,26
physiological traits,genetic diversity,94
physiological traits,genetic improvement,47
physiological traits,genetic resources,54
physiological traits,genetic variability,77
physiological traits,genetic variation,150
physiological traits,global change,88
physiological traits,global climate,97
physiological traits,global climate change,97
physiological traits,global warming,113
physiological traits,grain yield,491
physiological traits,growing season,183
physiological traits,growth rates,87
physiological traits,growth stages,157
physiological traits,habitat fragmentation,5
physiological traits,harvest index,129
physiological traits,heavy metals,90
physiological traits,human activities,26
physiological traits,increasing temperature,53
physiological traits,interactive effects,102
physiological traits,invasion,42
physiological traits,invasion success,42
physiological traits,invasive plants,113
physiological traits,invasive species,160
physiological traits,local adaptation,61
physiological traits,management practices,24
physiological traits,management strategies,28
physiological traits,microbial communities,21
physiological traits,molecular markers,36
physiological traits,native plant,45
physiological traits,native range,24
physiological traits,native species,95
physiological traits,natural selection,41
physiological traits,nitrogen fertilization,75
physiological traits,north america,39
physiological traits,north american,19
physiological traits,organic carbon,17
physiological traits,organic matter,33
physiological traits,oryza sativa,105
physiological traits,phenotypic plasticity,202
physiological traits,phenotypic variation,69
physiological traits,photosynthesis,257
physiological traits,physiological responses,376
physiological traits,plant communities,40
physiological traits,plant diversity,9
physiological traits,plant growth,292
physiological traits,plant height,225
physiological traits,plant invasion,38
physiological traits,plant responses,108
physiological traits,plant species,161
physiological traits,population dynamics,18
physiological traits,primary productivity,19
physiological traits,principal component,153
physiological traits,principal component analysis,121
physiological traits,relative abundance,7
physiological traits,relative importance,15
physiological traits,relative water,458
physiological traits,relative water content,477
physiological traits,selection pressures,31
physiological traits,severe drought,155
physiological traits,spatial scales,14
physiological traits,species composition,17
physiological traits,species distribution,59
physiological traits,species diversity,14
physiological traits,species richness,20
physiological traits,stomatal conductance,628
physiological traits,stress conditions,471
physiological traits,stress response,131
physiological traits,stress tolerance,297
physiological traits,triticum aestivum,186
physiological traits,tropical forests,42
physiological traits,united states,23
physiological traits,water availability,171
physiological traits,water content,613
physiological traits,water deficit,420
physiological traits,water potential,352
physiological traits,water regimes,155
physiological traits,water stress,590
physiological traits,wheat,161
physiological traits,yield,138
physiological traits,yield components,148
plant functional groups,abiotic stress,3
plant functional groups,aboveground biomass,107
plant functional groups,adaptation,2
plant functional groups,alien species,3
plant functional groups,biodiversity,50
plant functional groups,biological invasions,16
plant functional groups,biomass production,44
plant functional groups,block design,12
plant functional groups,changing climate,31
plant functional groups,chlorophyll content,1
plant functional groups,climate change,315
plant functional groups,climate warming,68
plant functional groups,climatic conditions,25
plant functional groups,climatic variables,5
plant functional groups,common garden,7
plant functional groups,community assembly,32
plant functional groups,community composition,177
plant functional groups,community structure,121
plant functional groups,complete block,10
plant functional groups,component analysis,11
plant functional groups,drought,37
plant functional groups,drought conditions,9
plant functional groups,drought resistance,11
plant functional groups,drought stress,18
plant functional groups,drought tolerance,7
plant functional groups,ecosystem functioning,148
plant functional groups,ecosystem processes,38
plant functional groups,ecosystem services,40
plant functional groups,environmental change,19
plant functional groups,environmental conditions,40
plant functional groups,environmental factors,59
plant functional groups,environmental gradients,23
plant functional groups,environmental stress,7
plant functional groups,environmental variables,25
plant functional groups,exotic species,38
plant functional groups,farming systems,5
plant functional groups,field conditions,9
plant functional groups,field experiment,64
plant functional groups,forest ecosystems,29
plant functional groups,future climate,60
plant functional groups,genetic diversity,2
plant functional groups,global change,95
plant functional groups,global climate,28
plant functional groups,global climate change,23
plant functional groups,global warming,24
plant functional groups,growing season,100
plant functional groups,growth rates,9
plant functional groups,habitat fragmentation,24
plant functional groups,heavy metals,2
plant functional groups,human activities,9
plant functional groups,increasing temperature,27
plant functional groups,interactive effects,41
plant functional groups,invasion,27
plant functional groups,invasion success,14
plant functional groups,invasive plants,51
plant functional groups,invasive species,45
plant functional groups,management practices,29
plant functional groups,management strategies,28
plant functional groups,microbial communities,52
plant functional groups,native plant,30
plant functional groups,native species,34
plant functional groups,nitrogen fertilization,26
plant functional groups,north america,16
plant functional groups,north american,11
plant functional groups,organic carbon,24
plant functional groups,organic matter,42
plant functional groups,photosynthesis,8
plant functional groups,physiological responses,6
plant functional groups,plant communities,471
plant functional groups,plant diversity,120
plant functional groups,plant growth,70
plant functional groups,plant height,9
plant functional groups,plant invasion,28
plant functional groups,plant responses,32
plant functional groups,plant species,335
plant functional groups,population dynamics,8
plant functional groups,primary productivity,108
plant functional groups,principal component,18
plant functional groups,principal component analysis,13
plant functional groups,relative abundance,63
plant functional groups,relative importance,31
plant functional groups,severe drought,23
plant functional groups,spatial scales,38
plant functional groups,species composition,123
plant functional groups,species distribution,12
plant functional groups,species diversity,133
plant functional groups,species richness,272
plant functional groups,stomatal conductance,21
plant functional groups,stress conditions,4
plant functional groups,stress response,3
plant functional groups,tropical forests,18
plant functional groups,united states,25
plant functional groups,water availability,35
plant functional groups,water content,23
plant functional groups,water deficit,2
plant functional groups,water potential,9
plant functional groups,water regimes,2
plant functional groups,water stress,2
plant functional groups,yield,1
plant functional traits,abiotic stress,18
plant functional traits,aboveground biomass,46
plant functional traits,adaptation,12
plant functional traits,alien species,42
plant functional traits,biodiversity,44
plant functional traits,biological invasions,29
plant functional traits,biomass production,34
plant functional traits,block design,5
plant functional traits,candidate genes,2
plant functional traits,changing climate,37
plant functional traits,chlorophyll content,32
plant functional traits,climate change,458
plant functional traits,climate warming,58
plant functional traits,climatic conditions,62
plant functional traits,climatic variables,36
plant functional traits,common garden,28
plant functional traits,community assembly,140
plant functional traits,community composition,142
plant functional traits,community structure,78
plant functional traits,component analysis,25
plant functional traits,drought,63
plant functional traits,drought conditions,25
plant functional traits,drought resistance,28
plant functional traits,drought stress,54
plant functional traits,drought tolerance,65
plant functional traits,ecosystem functioning,313
plant functional traits,ecosystem processes,99
plant functional traits,ecosystem services,118
plant functional traits,environmental change,102
plant functional traits,environmental conditions,162
plant functional traits,environmental factors,112
plant functional traits,environmental gradients,117
plant functional traits,environmental stress,15
plant functional traits,environmental variables,43
plant functional traits,exotic species,33
plant functional traits,farming systems,4
plant functional traits,field conditions,10
plant functional traits,field experiment,46
plant functional traits,forest ecosystems,38
plant functional traits,future climate,59
plant functional traits,genetic diversity,12
plant functional traits,genetic resources,2
plant functional traits,genetic variability,5
plant functional traits,genetic variation,10
plant functional traits,global change,149
plant functional traits,global climate,55
plant functional traits,global climate change,49
plant functional traits,global warming,31
plant functional traits,growing season,75
plant functional traits,growth rates,60
plant functional traits,growth stages,13
plant functional traits,habitat fragmentation,22
plant functional traits,harvest index,2
plant functional traits,heavy metals,2
plant functional traits,human activities,26
plant functional traits,increasing temperature,23
plant functional traits,interactive effects,48
plant functional traits,invasion,16
plant functional traits,invasion success,22
plant functional traits,invasive plants,76
plant functional traits,invasive species,95
plant functional traits,local adaptation,8
plant functional traits,management practices,21
plant functional traits,management strategies,16
plant functional traits,microbial communities,24
plant functional traits,native plant,37
plant functional traits,native range,17
plant functional traits,native species,95
plant functional traits,natural selection,6
plant functional traits,north america,24
plant functional traits,north american,10
plant functional traits,organic carbon,39
plant functional traits,organic matter,45
plant functional traits,phenotypic plasticity,66
plant functional traits,phenotypic variation,8
plant functional traits,photosynthesis,24
plant functional traits,physiological responses,21
plant functional traits,plant communities,548
plant functional traits,plant diversity,79
plant functional traits,plant growth,105
plant functional traits,plant height,174
plant functional traits,plant invasion,43
plant functional traits,plant responses,72
plant functional traits,plant species,416
plant functional traits,population dynamics,10
plant functional traits,primary productivity,88
plant functional traits,principal component,34
plant functional traits,principal component analysis,23
plant functional traits,relative abundance,42
plant functional traits,relative importance,67
plant functional traits,relative water,2
plant functional traits,relative water content,2
plant functional traits,selection pressures,12
plant functional traits,severe drought,21
plant functional traits,spatial scales,57
plant functional traits,species composition,142
plant functional traits,species distribution,60
plant functional traits,species diversity,76
plant functional traits,species richness,179
plant functional traits,stomatal conductance,44
plant functional traits,stress conditions,13
plant functional traits,stress response,7
plant functional traits,stress tolerance,24
plant functional traits,tropical forests,104
plant functional traits,united states,22
plant functional traits,water availability,81
plant functional traits,water content,66
plant functional traits,water deficit,12
plant functional traits,water potential,60
plant functional traits,water regimes,15
plant functional traits,water stress,35
plant functional traits,yield components,3
plant traits,abiotic stress,78
plant traits,aboveground biomass,107
plant traits,adaptation,32
plant traits,alien species,108
plant traits,biodiversity,97
plant traits,biological invasions,126
plant traits,biomass production,119
plant traits,block design,24
plant traits,breeding programs,37
plant traits,candidate genes,2
plant traits,changing climate,57
plant traits,chlorophyll content,57
plant traits,climate change,805
plant traits,climate warming,86
plant traits,climatic conditions,159
plant traits,climatic variables,70
plant traits,common garden,166
plant traits,community assembly,153
plant traits,community composition,212
plant traits,community structure,135
plant traits,complete block,8
plant traits,component analysis,52
plant traits,drought,183
plant traits,drought conditions,65
plant traits,drought resistance,75
plant traits,drought stress,212
plant traits,drought tolerance,148
plant traits,ecosystem functioning,314
plant traits,ecosystem processes,136
plant traits,ecosystem services,180
plant traits,environmental change,123
plant traits,environmental conditions,322
plant traits,environmental factors,143
plant traits,environmental gradients,160
plant traits,environmental stress,60
plant traits,environmental variables,103
plant traits,exotic species,99
plant traits,farming systems,14
plant traits,field conditions,62
plant traits,field experiment,108
plant traits,forest ecosystems,45
plant traits,future climate,129
plant traits,genetic correlations,4
plant traits,genetic diversity,50
plant traits,genetic improvement,22
plant traits,genetic resources,4
plant traits,genetic variability,22
plant traits,genetic variation,68
plant traits,global change,243
plant traits,global climate,82
plant traits,global climate change,58
plant traits,global warming,70
plant traits,grain yield,96
plant traits,growing season,166
plant traits,growth rates,67
plant traits,growth stages,36
plant traits,habitat fragmentation,62
plant traits,harvest index,36
plant traits,heavy metals,14
plant traits,human activities,56
plant traits,increasing temperature,58
plant traits,interactive effects,83
plant traits,invasion,90
plant traits,invasion success,87
plant traits,invasive plants,254
plant traits,invasive species,277
plant traits,local adaptation,56
plant traits,management practices,53
plant traits,management strategies,49
plant traits,microbial communities,100
plant traits,molecular markers,7
plant traits,native plant,132
plant traits,native range,78
plant traits,native species,188
plant traits,natural selection,28
plant traits,nitrogen fertilization,31
plant traits,north america,105
plant traits,north american,57
plant traits,organic carbon,43
plant traits,organic matter,56
plant traits,oryza sativa,12
plant traits,phenotypic plasticity,140
plant traits,phenotypic variation,29
plant traits,photosynthesis,42
plant traits,physiological responses,22
plant traits,plant communities,745
plant traits,plant diversity,123
plant traits,plant growth,217
plant traits,plant height,253
plant traits,plant invasion,233
plant traits,plant responses,150
plant traits,plant species,877
plant traits,population dynamics,39
plant traits,primary productivity,106
plant traits,principal component,60
plant traits,principal component analysis,47
plant traits,relative abundance,61
plant traits,relative importance,91
plant traits,relative water,32
plant traits,relative water content,33
plant traits,selection pressures,40
plant traits,severe drought,27
plant traits,spatial scales,88
plant traits,species composition,211
plant traits,species distribution,68
plant traits,species diversity,114
plant traits,species richness,231
plant traits,stomatal conductance,81
plant traits,stress conditions,47
plant traits,stress response,40
plant traits,stress tolerance,75
plant traits,triticum aestivum,12
plant traits,tropical forests,114
plant traits,united states,54
plant traits,water availability,151
plant traits,water content,95
plant traits,water deficit,87
plant traits,water potential,95
plant traits,water regimes,34
plant traits,water stress,103
plant traits,wheat,7
plant traits,yield,23
plant traits,yield components,29
quality traits,abiotic stress,131
quality traits,aboveground biomass,4
quality traits,adaptation,13
quality traits,alien species,2
quality traits,biodiversity,5
quality traits,biological invasions,1
quality traits,biomass production,17
quality traits,block design,58
quality traits,breeding programs,127
quality traits,candidate genes,17
quality traits,changing climate,21
quality traits,chlorophyll content,32
quality traits,climate change,203
quality traits,climate warming,6
quality traits,climatic conditions,47
quality traits,climatic variables,16
quality traits,complete block,40
quality traits,component analysis,41
quality traits,drought,73
quality traits,drought conditions,52
quality traits,drought resistance,40
quality traits,drought stress,156
quality traits,drought tolerance,138
quality traits,ecosystem functioning,1
quality traits,ecosystem services,2
quality traits,environmental conditions,52
quality traits,environmental factors,19
quality traits,environmental stress,28
quality traits,environmental variables,9
quality traits,exotic species,2
quality traits,farming systems,91
quality traits,field conditions,45
quality traits,field experiment,76
quality traits,future climate,8
quality traits,genetic correlations,45
quality traits,genetic diversity,67
quality traits,genetic improvement,69
quality traits,genetic resources,40
quality traits,genetic variability,48
quality traits,genetic variation,76
quality traits,global change,11
quality traits,global climate,9
quality traits,global climate change,9
quality traits,global warming,41
quality traits,grain yield,185
quality traits,growing season,76
quality traits,growth rates,22
quality traits,growth stages,42
quality traits,harvest index,20
quality traits,heavy metals,5
quality traits,increasing temperature,10
quality traits,interactive effects,25
quality traits,invasion,2
quality traits,invasive plants,1
quality traits,invasive species,3
quality traits,local adaptation,4
quality traits,management practices,33
quality traits,management strategies,8
quality traits,microbial communities,1
quality traits,molecular markers,30
quality traits,native range,2
quality traits,natural selection,4
quality traits,nitrogen fertilization,84
quality traits,north america,4
quality traits,north american,5
quality traits,organic carbon,2
quality traits,organic matter,20
quality traits,oryza sativa,24
quality traits,phenotypic plasticity,1
quality traits,phenotypic variation,22
quality traits,photosynthesis,17
quality traits,physiological responses,8
quality traits,plant growth,49
quality traits,plant height,65
quality traits,plant invasion,4
quality traits,plant responses,7
quality traits,plant species,15
quality traits,principal component,60
quality traits,principal component analysis,48
quality traits,relative abundance,1
quality traits,relative importance,2
quality traits,relative water,28
quality traits,relative water content,30
quality traits,selection pressures,3
quality traits,severe drought,22
quality traits,species distribution,2
quality traits,stomatal conductance,15
quality traits,stress conditions,97
quality traits,stress response,19
quality traits,stress tolerance,81
quality traits,triticum aestivum,65
quality traits,united states,15
quality traits,water availability,24
quality traits,water content,42
quality traits,water deficit,67
quality traits,water potential,14
quality traits,water regimes,27
quality traits,water stress,88
quality traits,wheat,24
quality traits,yield,79
quality traits,yield components,56
quantitative trait,abiotic stress,490
quantitative trait,aboveground biomass,8
quantitative trait,adaptation,66
quantitative trait,alien species,20
quantitative trait,biodiversity,7
quantitative trait,biological invasions,18
quantitative trait,biomass production,49
quantitative trait,block design,45
quantitative trait,breeding programs,336
quantitative trait,candidate genes,429
quantitative trait,changing climate,56
quantitative trait,chlorophyll content,80
quantitative trait,climate change,514
quantitative trait,climate warming,11
quantitative trait,climatic conditions,76
quantitative trait,climatic variables,16
quantitative trait,common garden,65
quantitative trait,community assembly,2
quantitative trait,community composition,1
quantitative trait,complete block,44
quantitative trait,component analysis,62
quantitative trait,drought,267
quantitative trait,drought conditions,149
quantitative trait,drought resistance,200
quantitative trait,drought stress,650
quantitative trait,drought tolerance,831
quantitative trait,ecosystem functioning,7
quantitative trait,ecosystem processes,4
quantitative trait,ecosystem services,12
quantitative trait,environmental change,17
quantitative trait,environmental conditions,133
quantitative trait,environmental factors,54
quantitative trait,environmental gradients,19
quantitative trait,environmental stress,75
quantitative trait,environmental variables,15
quantitative trait,exotic species,8
quantitative trait,farming systems,41
quantitative trait,field conditions,79
quantitative trait,field experiment,93
quantitative trait,forest ecosystems,12
quantitative trait,future climate,33
quantitative trait,genetic correlations,48
quantitative trait,genetic diversity,271
quantitative trait,genetic improvement,155
quantitative trait,genetic resources,127
quantitative trait,genetic variability,106
quantitative trait,genetic variation,347
quantitative trait,global change,25
quantitative trait,global climate,78
quantitative trait,global climate change,69
quantitative trait,global warming,112
quantitative trait,grain yield,409
quantitative trait,growing season,67
quantitative trait,growth rates,12
quantitative trait,growth stages,58
quantitative trait,habitat fragmentation,13
quantitative trait,harvest index,69
quantitative trait,heavy metals,29
quantitative trait,increasing temperature,10
quantitative trait,interactive effects,20
quantitative trait,invasion,13
quantitative trait,invasion success,12
quantitative trait,invasive plants,10
quantitative trait,invasive species,37
quantitative trait,local adaptation,95
quantitative trait,management practices,17
quantitative trait,management strategies,27
quantitative trait,microbial communities,3
quantitative trait,molecular markers,333
quantitative trait,native range,9
quantitative trait,native species,8
quantitative trait,natural selection,57
quantitative trait,nitrogen fertilization,39
quantitative trait,north america,18
quantitative trait,north american,15
quantitative trait,organic carbon,2
quantitative trait,organic matter,4
quantitative trait,oryza sativa,245
quantitative trait,phenotypic plasticity,61
quantitative trait,phenotypic variation,276
quantitative trait,photosynthesis,28
quantitative trait,physiological responses,18
quantitative trait,plant communities,5
quantitative trait,plant diversity,1
quantitative trait,plant growth,80
quantitative trait,plant height,266
quantitative trait,plant invasion,4
quantitative trait,plant responses,58
quantitative trait,plant species,62
quantitative trait,population dynamics,6
quantitative trait,principal component,79
quantitative trait,principal component analysis,63
quantitative trait,relative importance,8
quantitative trait,relative water,69
quantitative trait,relative water content,71
quantitative trait,selection pressures,24
quantitative trait,severe drought,32
quantitative trait,spatial scales,8
quantitative trait,species composition,4
quantitative trait,species distribution,13
quantitative trait,species diversity,5
quantitative trait,stomatal conductance,62
quantitative trait,stress conditions,244
quantitative trait,stress response,95
quantitative trait,stress tolerance,298
quantitative trait,triticum aestivum,189
quantitative trait,tropical forests,1
quantitative trait,united states,21
quantitative trait,water availability,66
quantitative trait,water content,95
quantitative trait,water deficit,131
quantitative trait,water potential,40
quantitative trait,water regimes,83
quantitative trait,water stress,146
quantitative trait,wheat,108
quantitative trait,yield,69
quantitative trait,yield components,117
reproductive traits,abiotic stress,12
reproductive traits,aboveground biomass,16
reproductive traits,adaptation,17
reproductive traits,alien species,37
reproductive traits,biodiversity,5
reproductive traits,biological invasions,75
reproductive traits,biomass production,5
reproductive traits,block design,3
reproductive traits,breeding programs,20
reproductive traits,candidate genes,20
reproductive traits,changing climate,22
reproductive traits,chlorophyll content,7
reproductive traits,climate change,248
reproductive traits,climate warming,50
reproductive traits,climatic conditions,44
reproductive traits,climatic variables,41
reproductive traits,common garden,65
reproductive traits,community assembly,10
reproductive traits,community composition,17
reproductive traits,community structure,10
reproductive traits,complete block,3
reproductive traits,component analysis,8
reproductive traits,drought,29
reproductive traits,drought conditions,15
reproductive traits,drought resistance,8
reproductive traits,drought stress,24
reproductive traits,drought tolerance,18
reproductive traits,ecosystem functioning,52
reproductive traits,ecosystem processes,7
reproductive traits,ecosystem services,20
reproductive traits,environmental change,17
reproductive traits,environmental conditions,114
reproductive traits,environmental factors,49
reproductive traits,environmental gradients,26
reproductive traits,environmental stress,10
reproductive traits,environmental variables,34
reproductive traits,exotic species,23
reproductive traits,farming systems,15
reproductive traits,field conditions,13
reproductive traits,field experiment,16
reproductive traits,forest ecosystems,6
reproductive traits,future climate,21
reproductive traits,genetic correlations,44
reproductive traits,genetic diversity,36
reproductive traits,genetic improvement,12
reproductive traits,genetic resources,1
reproductive traits,genetic variability,19
reproductive traits,genetic variation,42
reproductive traits,global change,42
reproductive traits,global climate,32
reproductive traits,global climate change,29
reproductive traits,global warming,57
reproductive traits,grain yield,7
reproductive traits,growing season,23
reproductive traits,growth rates,21
reproductive traits,growth stages,2
reproductive traits,habitat fragmentation,31
reproductive traits,harvest index,3
reproductive traits,heavy metals,14
reproductive traits,human activities,18
reproductive traits,increasing temperature,23
reproductive traits,interactive effects,20
reproductive traits,invasion,37
reproductive traits,invasion success,62
reproductive traits,invasive plants,97
reproductive traits,invasive species,165
reproductive traits,local adaptation,43
reproductive traits,management practices,18
reproductive traits,management strategies,26
reproductive traits,molecular markers,8
reproductive traits,native plant,38
reproductive traits,native range,62
reproductive traits,native species,54
reproductive traits,natural selection,28
reproductive traits,nitrogen fertilization,4
reproductive traits,north america,25
reproductive traits,north american,14
reproductive traits,organic matter,12
reproductive traits,oryza sativa,5
reproductive traits,phenotypic plasticity,92
reproductive traits,phenotypic variation,32
reproductive traits,photosynthesis,4
reproductive traits,physiological responses,2
reproductive traits,plant communities,38
reproductive traits,plant diversity,2
reproductive traits,plant growth,25
reproductive traits,plant height,80
reproductive traits,plant invasion,44
reproductive traits,plant responses,10
reproductive traits,plant species,118
reproductive traits,population dynamics,48
reproductive traits,primary productivity,6
reproductive traits,principal component,10
reproductive traits,principal component analysis,11
reproductive traits,relative abundance,13
reproductive traits,relative importance,14
reproductive traits,relative water,5
reproductive traits,relative water content,5
reproductive traits,selection pressures,44
reproductive traits,severe drought,10
reproductive traits,spatial scales,16
reproductive traits,species composition,12
reproductive traits,species distribution,30
reproductive traits,species diversity,15
reproductive traits,species richness,29
reproductive traits,stomatal conductance,8
reproductive traits,stress conditions,12
reproductive traits,stress response,6
reproductive traits,stress tolerance,14
reproductive traits,tropical forests,29
reproductive traits,united states,19
reproductive traits,water availability,30
reproductive traits,water content,11
reproductive traits,water deficit,12
reproductive traits,water potential,9
reproductive traits,water regimes,9
reproductive traits,water stress,9
reproductive traits,yield,7
reproductive traits,yield components,2
species traits,abiotic stress,3
species traits,aboveground biomass,16
species traits,adaptation,9
species traits,alien species,152
species traits,biodiversity,102
species traits,biological invasions,159
species traits,biomass production,19
species traits,block design,7
species traits,breeding programs,3
species traits,candidate genes,2
species traits,changing climate,44
species traits,chlorophyll content,1
species traits,climate change,509
species traits,climate warming,45
species traits,climatic conditions,67
species traits,climatic variables,58
species traits,common garden,18
species traits,community assembly,106
species traits,community composition,171
species traits,community structure,101
species traits,component analysis,19
species traits,drought,27
species traits,drought conditions,5
species traits,drought resistance,9
species traits,drought stress,25
species traits,drought tolerance,12
species traits,ecosystem functioning,179
species traits,ecosystem processes,39
species traits,ecosystem services,98
species traits,environmental change,83
species traits,environmental conditions,149
species traits,environmental factors,101
species traits,environmental gradients,108
species traits,environmental stress,9
species traits,environmental variables,113
species traits,exotic species,73
species traits,farming systems,18
species traits,field conditions,12
species traits,field experiment,19
species traits,forest ecosystems,44
species traits,future climate,51
species traits,genetic correlations,2
species traits,genetic diversity,32
species traits,genetic variability,5
species traits,genetic variation,9
species traits,global change,140
species traits,global climate,27
species traits,global climate change,25
species traits,global warming,49
species traits,growing season,16
species traits,growth rates,63
species traits,habitat fragmentation,139
species traits,heavy metals,11
species traits,human activities,49
species traits,increasing temperature,30
species traits,interactive effects,35
species traits,invasion,84
species traits,invasion success,93
species traits,invasive plants,75
species traits,invasive species,225
species traits,local adaptation,13
species traits,management practices,37
species traits,management strategies,37
species traits,microbial communities,18
species traits,molecular markers,2
species traits,native plant,45
species traits,native range,79
species traits,native species,146
species traits,natural selection,5
species traits,nitrogen fertilization,8
species traits,north america,63
species traits,north american,54
species traits,organic carbon,6
species traits,organic matter,28
species traits,phenotypic plasticity,22
species traits,phenotypic variation,1
species traits,photosynthesis,2
species traits,physiological responses,4
species traits,plant communities,174
species traits,plant diversity,32
species traits,plant growth,15
species traits,plant height,34
species traits,plant invasion,107
species traits,plant responses,17
species traits,plant species,310
species traits,population dynamics,67
species traits,primary productivity,32
species traits,principal component,21
species traits,principal component analysis,21
species traits,relative abundance,52
species traits,relative importance,76
species traits,relative water,4
species traits,relative water content,4
species traits,selection pressures,16
species traits,severe drought,8
species traits,spatial scales,96
species traits,species composition,210
species traits,species distribution,207
species traits,species diversity,98
species traits,species richness,305
species traits,stomatal conductance,2
species traits,stress conditions,6
species traits,stress tolerance,15
species traits,triticum aestivum,2
species traits,tropical forests,90
species traits,united states,51
species traits,water availability,31
species traits,water content,9
species traits,water deficit,10
species traits,water potential,1
species traits,water regimes,1
species traits,water stress,17
species traits,wheat,3
species traits,yield,4
trait variation,abiotic stress,20
trait variation,aboveground biomass,10
trait variation,adaptation,43
trait variation,alien species,28
trait variation,biodiversity,23
trait variation,biological invasions,54
trait variation,biomass production,27
trait variation,breeding programs,9
trait variation,candidate genes,8
trait variation,changing climate,27
trait variation,chlorophyll content,21
trait variation,climate change,389
trait variation,climate warming,32
trait variation,climatic conditions,73
trait variation,climatic variables,21
trait variation,common garden,134
trait variation,community assembly,69
trait variation,community composition,48
trait variation,community structure,27
trait variation,component analysis,46
trait variation,drought,41
trait variation,drought conditions,17
trait variation,drought resistance,24
trait variation,drought stress,60
trait variation,drought tolerance,57
trait variation,ecosystem functioning,117
trait variation,ecosystem processes,35
trait variation,ecosystem services,22
trait variation,environmental change,90
trait variation,environmental conditions,176
trait variation,environmental factors,103
trait variation,environmental gradients,93
trait variation,environmental stress,25
trait variation,environmental variables,46
trait variation,exotic species,14
trait variation,farming systems,4
trait variation,field conditions,3
trait variation,field experiment,8
trait variation,forest ecosystems,19
trait variation,future climate,70
trait variation,genetic correlations,11
trait variation,genetic diversity,62
trait variation,genetic improvement,15
trait variation,genetic resources,8
trait variation,genetic variability,5
trait variation,genetic variation,103
trait variation,global change,108
trait variation,global climate,29
trait variation,global climate change,32
trait variation,global warming,27
trait variation,grain yield,9
trait variation,growing season,58
trait variation,growth rates,30
trait variation,growth stages,1
trait variation,habitat fragmentation,20
trait variation,harvest index,1
trait variation,human activities,9
trait variation,increasing temperature,13
trait variation,interactive effects,18
trait variation,invasion,17
trait variation,invasion success,29
trait variation,invasive plants,66
trait variation,invasive species,104
trait variation,local adaptation,103
trait variation,management practices,14
trait variation,management strategies,8
trait variation,microbial communities,7
trait variation,molecular markers,13
trait variation,native plant,24
trait variation,native range,43
trait variation,native species,34
trait variation,natural selection,27
trait variation,nitrogen fertilization,2
trait variation,north america,36
trait variation,north american,14
trait variation,organic carbon,1
trait variation,organic matter,7
trait variation,oryza sativa,2
trait variation,phenotypic plasticity,156
trait variation,phenotypic variation,92
trait variation,photosynthesis,21
trait variation,physiological responses,7
trait variation,plant communities,125
trait variation,plant diversity,17
trait variation,plant growth,27
trait variation,plant height,78
trait variation,plant invasion,18
trait variation,plant responses,39
trait variation,plant species,164
trait variation,population dynamics,15
trait variation,primary productivity,25
trait variation,principal component,50
trait variation,principal component analysis,38
trait variation,relative abundance,26
trait variation,relative importance,61
trait variation,relative water,5
trait variation,relative water content,5
trait variation,selection pressures,48
trait variation,severe drought,9
trait variation,spatial scales,61
trait variation,species composition,39
trait variation,species distribution,67
trait variation,species diversity,32
trait variation,species richness,46
trait variation,stomatal conductance,40
trait variation,stress conditions,19
trait variation,stress response,14
trait variation,stress tolerance,33
trait variation,triticum aestivum,4
trait variation,tropical forests,59
trait variation,united states,24
trait variation,water availability,49
trait variation,water content,28
trait variation,water deficit,17
trait variation,water potential,30
trait variation,water regimes,6
trait variation,water stress,20
trait variation,wheat,1
trait variation,yield,5
trait variation,yield components,6
